{
    "name": "warpgate",
    "title": "Warp Gate",
    "description": "Utility module for spawning and modifying tokens.",
    "version": "1.8.0-beta.1",
    "author": "honeybadger",
    "authors": [
        {
            "name": "honeybadger",
            "url": "https://github.com/trioderegion"
        }
    ],
    "esmodules": [
        "/scripts/warpgate.js"
    ],
    "languages": [
        {
            "lang": "en",
            "name": "English",
            "path": "lang/en.json"
        }
    ],
    "socket": true,
    "url": "https://github.com/trioderegion/warpgate",
    "manifest": "https://raw.githubusercontent.com/trioderegion/warpgate/preview/1.8.0-beta.1/module.json",
    "download": "https://github.com/trioderegion/warpgate/raw/preview/1.8.0-beta.1/module.zip",
    "minimumCoreVersion": "0.8.5",
    "compatibleCoreVersion": "0.8.9"
}
